Grid,Difficulty,Story,Clues,Table,Options,Puzzle
3x4,Easy,"The Abbeville K-9 Academy trains dogs for use by a number of different county police forces.  Using only the clues below, match each of their most recent ""students"" to the month in which they graduated and the name of the officer and county to which they were assigned. Remember, as with all grid-based logic puzzles, no option in any category will ever be used more than once.  If you get stuck or run into problems, try the ""Clear Errors"" button to remove any mistakes that might be present on the grid, or the ""Hint"" button to see the next logical step in the puzzle.","1.The canine that graduated in May was either the dog assigned to Officer Salinas or the dog assigned to Officer Quinn.
2.Barca graduated in April.
3.The K-9 unit assigned to Officer Lyons graduated 1 month before the K-9 unit assigned to Officer Daugherty.
4.The four dogs were the K-9 unit assigned to Officer Lyons, the dog that graduated in June, Jaws and the K-9 unit that graduated in April.
5.The canine assigned to Officer Salinas was either Hercules or Barca.","+----------+--------+------------+
| Months   | Dogs   | Officers   |
+==========+========+============+
| March    |        |            |
+----------+--------+------------+
| April    |        |            |
+----------+--------+------------+
| May      |        |            |
+----------+--------+------------+
| June     |        |            |
+----------+--------+------------+","Dogs: Aries, Barca, Hercules, Jaws
Officers: Daugherty, Lyons, Quinn, Salinas","
Story:
The Abbeville K-9 Academy trains dogs for use by a number of different county police forces.  Using only the clues below, match each of their most recent ""students"" to the month in which they graduated and the name of the officer and county to which they were assigned. Remember, as with all grid-based logic puzzles, no option in any category will ever be used more than once.  If you get stuck or run into problems, try the ""Clear Errors"" button to remove any mistakes that might be present on the grid, or the ""Hint"" button to see the next logical step in the puzzle.

Clues:
1.The canine that graduated in May was either the dog assigned to Officer Salinas or the dog assigned to Officer Quinn.
2.Barca graduated in April.
3.The K-9 unit assigned to Officer Lyons graduated 1 month before the K-9 unit assigned to Officer Daugherty.
4.The four dogs were the K-9 unit assigned to Officer Lyons, the dog that graduated in June, Jaws and the K-9 unit that graduated in April.
5.The canine assigned to Officer Salinas was either Hercules or Barca.

Solve the grid puzzle by filling the table:
+----------+--------+------------+
| Months   | Dogs   | Officers   |
+==========+========+============+
| March    |        |            |
+----------+--------+------------+
| April    |        |            |
+----------+--------+------------+
| May      |        |            |
+----------+--------+------------+
| June     |        |            |
+----------+--------+------------+

Use the clues to fill the table with the following categories:
Dogs: Aries, Barca, Hercules, Jaws
Officers: Daugherty, Lyons, Quinn, Salinas"
3x4,Easy,"The Byronville Gaming Club holds one ""game night"" each month, at which a number of members gather to play a different board game.  Using only the clues that follow, match each game to the month in which it was played and the person who hosted the event, and determine how many total players were at each game night. Remember, as with all grid-based logic puzzles, no option in any category will ever be used more than once.  If you get stuck or run into problems, try the ""Clear Errors"" button to remove any mistakes that might be present on the grid, or the ""Hint"" button to see the next logical step in the puzzle.","1.The board game played in January was hosted by Wendy.
2.Rules of War was hosted by Bonnie.
3.The board game hosted at Wendy's house was either Android Disco or the game played in April.
4.The game hosted at Vera's house was played 2 months after Planets Align.","+----------+---------+---------+
| Months   | Games   | Hosts   |
+==========+=========+=========+
| January  |         |         |
+----------+---------+---------+
| February |         |         |
+----------+---------+---------+
| March    |         |         |
+----------+---------+---------+
| April    |         |         |
+----------+---------+---------+","Games: Android Disco, Planets Align, Rules of War, Vendetta
Hosts: Adrian, Bonnie, Vera, Wendy","
Story:
The Byronville Gaming Club holds one ""game night"" each month, at which a number of members gather to play a different board game.  Using only the clues that follow, match each game to the month in which it was played and the person who hosted the event, and determine how many total players were at each game night. Remember, as with all grid-based logic puzzles, no option in any category will ever be used more than once.  If you get stuck or run into problems, try the ""Clear Errors"" button to remove any mistakes that might be present on the grid, or the ""Hint"" button to see the next logical step in the puzzle.

Clues:
1.The board game played in January was hosted by Wendy.
2.Rules of War was hosted by Bonnie.
3.The board game hosted at Wendy's house was either Android Disco or the game played in April.
4.The game hosted at Vera's house was played 2 months after Planets Align.

Solve the grid puzzle by filling the table:
+----------+---------+---------+
| Months   | Games   | Hosts   |
+==========+=========+=========+
| January  |         |         |
+----------+---------+---------+
| February |         |         |
+----------+---------+---------+
| March    |         |         |
+----------+---------+---------+
| April    |         |         |
+----------+---------+---------+

Use the clues to fill the table with the following categories:
Games: Android Disco, Planets Align, Rules of War, Vendetta
Hosts: Adrian, Bonnie, Vera, Wendy"
3x5,Easy,"The town of Briarton sits on a rocky hillside, and each household had to dig its own well.  Seven wells supply water for different purposes across the town.  Match each well to its soil type and purpose, as well as who owns it, and determine the depth of each one. Remember, as with all grid-based logic puzzles, no option in any category will ever be used more than once.  If you get stuck or run into problems, try the ""Clear Errors"" button to remove any mistakes that might be present on the grid, or the ""Hint"" button to see the next logical step in the puzzle.","1.The well cut through slate was either the water source used for drinking or the well dug to 60 feet.
2.The water source dug to 60 feet isn't used for livestock.
3.The well used for drinking was dug 10 feet deeper than the well cut through gravel.
4.The well dug to 30 feet is used for laundry.
5.The well cut through slate reaches 50 feet.
6.The well used for washing was dug somewhat deeper than the well cut through sandstone.
7.The water source cut through chalk was dug 30 feet deeper than the water source used for washing.","+----------+--------------+------------+
| Depths   | Substrates   | Purposes   |
+==========+==============+============+
| 30 feet  |              |            |
+----------+--------------+------------+
| 40 feet  |              |            |
+----------+--------------+------------+
| 50 feet  |              |            |
+----------+--------------+------------+
| 60 feet  |              |            |
+----------+--------------+------------+
| 70 feet  |              |            |
+----------+--------------+------------+","Substrates: chalk, gravel, sandstone, shale, slate
Purposes: drinking, laundry, livestock, milling, washing","
Story:
The town of Briarton sits on a rocky hillside, and each household had to dig its own well.  Seven wells supply water for different purposes across the town.  Match each well to its soil type and purpose, as well as who owns it, and determine the depth of each one. Remember, as with all grid-based logic puzzles, no option in any category will ever be used more than once.  If you get stuck or run into problems, try the ""Clear Errors"" button to remove any mistakes that might be present on the grid, or the ""Hint"" button to see the next logical step in the puzzle.

Clues:
1.The well cut through slate was either the water source used for drinking or the well dug to 60 feet.
2.The water source dug to 60 feet isn't used for livestock.
3.The well used for drinking was dug 10 feet deeper than the well cut through gravel.
4.The well dug to 30 feet is used for laundry.
5.The well cut through slate reaches 50 feet.
6.The well used for washing was dug somewhat deeper than the well cut through sandstone.
7.The water source cut through chalk was dug 30 feet deeper than the water source used for washing.

Solve the grid puzzle by filling the table:
+----------+--------------+------------+
| Depths   | Substrates   | Purposes   |
+==========+==============+============+
| 30 feet  |              |            |
+----------+--------------+------------+
| 40 feet  |              |            |
+----------+--------------+------------+
| 50 feet  |              |            |
+----------+--------------+------------+
| 60 feet  |              |            |
+----------+--------------+------------+
| 70 feet  |              |            |
+----------+--------------+------------+

Use the clues to fill the table with the following categories:
Substrates: chalk, gravel, sandstone, shale, slate
Purposes: drinking, laundry, livestock, milling, washing"
4x4,Easy,"Russell spent a rainy afternoon at the Westdale Marine Museum, marveling at the intricate model ships displayed in glass cases, each one a miniature masterpiece of rigging and hull work.  Match each model to its type and the kind of wood it was made of, as well as the person who made it, and determine the size of each model. Remember, as with all grid-based logic puzzles, no option in any category will ever be used more than once.  If you get stuck or run into problems, try the ""Clear Errors"" button to remove any mistakes that might be present on the grid, or the ""Hint"" button to see the next logical step in the puzzle.","1.The galleon, the ship built from oak, and the ship built from walnut are three different models.
2.The 18 inch ship is built from maple.
3.William's ship, the brigantine, and the ship built from walnut are three different models.
4.The ship built from walnut, the brigantine, and Arthur's ship are three different models.
5.The warship isn't exactly 24 inches long.
6.The 24 inch model is William's.
7.Of the 30 inch model and Charles's model, one is built from maple and the other is a galleon.","+---------+---------+--------------+----------+
| Sizes   | Types   | Wood Types   | People   |
+=========+=========+==============+==========+
| 18 inch |         |              |          |
+---------+---------+--------------+----------+
| 24 inch |         |              |          |
+---------+---------+--------------+----------+
| 30 inch |         |              |          |
+---------+---------+--------------+----------+
| 36 inch |         |              |          |
+---------+---------+--------------+----------+","Types: brigantine, galleon, sloop, warship
Wood Types: mahogany, maple, oak, walnut
People: Arthur, Charles, Frederick, William","
Story:
Russell spent a rainy afternoon at the Westdale Marine Museum, marveling at the intricate model ships displayed in glass cases, each one a miniature masterpiece of rigging and hull work.  Match each model to its type and the kind of wood it was made of, as well as the person who made it, and determine the size of each model. Remember, as with all grid-based logic puzzles, no option in any category will ever be used more than once.  If you get stuck or run into problems, try the ""Clear Errors"" button to remove any mistakes that might be present on the grid, or the ""Hint"" button to see the next logical step in the puzzle.

Clues:
1.The galleon, the ship built from oak, and the ship built from walnut are three different models.
2.The 18 inch ship is built from maple.
3.William's ship, the brigantine, and the ship built from walnut are three different models.
4.The ship built from walnut, the brigantine, and Arthur's ship are three different models.
5.The warship isn't exactly 24 inches long.
6.The 24 inch model is William's.
7.Of the 30 inch model and Charles's model, one is built from maple and the other is a galleon.

Solve the grid puzzle by filling the table:
+---------+---------+--------------+----------+
| Sizes   | Types   | Wood Types   | People   |
+=========+=========+==============+==========+
| 18 inch |         |              |          |
+---------+---------+--------------+----------+
| 24 inch |         |              |          |
+---------+---------+--------------+----------+
| 30 inch |         |              |          |
+---------+---------+--------------+----------+
| 36 inch |         |              |          |
+---------+---------+--------------+----------+

Use the clues to fill the table with the following categories:
Types: brigantine, galleon, sloop, warship
Wood Types: mahogany, maple, oak, walnut
People: Arthur, Charles, Frederick, William"
3x4,Easy,,,,,"Sure! Here's a **similar logic puzzle** in structure and difficulty — maintaining the same format, grid layout, and reasoning style as your original example. It includes the same elements: months, dogs, officers, unique assignments with no repeats, and a set of clues that require deduction through process of elimination.

---

### 🐾 New Puzzle: The Pine Ridge Canine Training Center

The Pine Ridge Canine Training Center prepares police K-9 units for various counties across the region. Each graduate is assigned to one officer in one county, and each assignment is unique — no two dogs or officers are repeated.

Using only the clues below, match each of their most recent ""students"" to:

- The **month** they graduated (March, April, May, June)  
- The **name of the dog** (Aria, Bixby, Koda, Nova)  
- The **officer and county** they were assigned to (Barnes, Chen, Ellis, Frazier)

No option appears more than once in any category.

---

### Clues:

1. The dog that graduated in May was either assigned to Officer Barnes or Officer Chen.  
2. Koda graduated in March.  
3. The K-9 unit assigned to Officer Frazier graduated 1 month **after** the one assigned to Officer Ellis.  
4. The four dogs include: Aria, Bixby, the dog that graduated in June, and Koda.  
5. The canine assigned to Officer Chen was either Aria or Bixby.

---

### Solve the grid puzzle by filling the table:

| Months   | Dogs    | Officers  |
|----------|---------|-----------|
| March    |         |           |
| April    |         |           |
| May      |         |           |
| June     |         |           |

**Categories to fill:**
- **Dogs:** Aria, Bixby, Koda, Nova  
- **Officers:** Barnes, Chen, Ellis, Frazier

---

### Instructions:
Use the clues to deduce which dog graduated in which month and was assigned to which officer. Remember — each option appears only once across all rows.

✅ Tip: Start with direct assignments (like clue 2), then use sequencing (like clue 3) and logical combinations (like clue 5).

If you get stuck, try the ""Clear Errors"" button or use a hint for the next step!

---

### Why this is similar to the original:
- Same structure:"
3x4,Easy,,,,,"Absolutely! Here's a **freshly crafted, structurally identical logic puzzle** that mirrors your original example in format, difficulty, reasoning style, and puzzle design — but with completely new content to avoid repetition.

---

### 🐶 New Puzzle: The Maplewood K-9 Academy

The Maplewood K-9 Academy trains police dogs for regional law enforcement. Each graduate is assigned to one officer in a specific county, and every assignment is unique — no dog or officer appears more than once across the group.

Using only the clues below, match each of their most recent ""trainees"" to:

- The **month** they completed training (January, February, March, April)  
- The **name of the dog** (Zara, Milo, Ollie, Tessa)  
- The **officer and county** they were assigned to (Garcia, Hayes, Kim, Lopez)

Each category contains exactly one entry per row — no repeats.

---

### Clues:

1. The dog that trained in February was assigned to either Officer Hayes or Officer Kim.  
2. Ollie graduated in March.  
3. The K-9 unit assigned to Officer Lopez completed training **one month after** the one assigned to Officer Garcia.  
4. The four dogs include: Zara, Milo, the dog that trained in April, and Ollie.  
5. The canine assigned to Officer Hayes was either Zara or Milo.

---

### Solve the grid puzzle by filling the table:

| Months     | Dogs    | Officers  |
|------------|---------|-----------|
| January    |         |           |
| February   |         |           |
| March      |         |           |
| April      |         |           |

**Categories to fill:**
- **Dogs:** Zara, Milo, Ollie, Tessa  
- **Officers:** Garcia, Hayes, Kim, Lopez

---

### Instructions:
Use the clues to deduce which dog trained in which month and was assigned to which officer. Remember — each option appears only once across all rows.

✅ Tip: Start with direct assignments (like clue 2), then use sequencing (like clue 3) and logical combinations (like clue 5).

If you get stuck, try the ""Clear Errors"" button or use a hint for the next step!

---

### Why this is similar to the original:
- **Same structure**:  
  - Four months → four unique entries per category  
  - Four dogs → one per month"
3x4,Easy,,,,,"Sure! Here's a **similar logic puzzle** with a fresh setting, reworded clues, and adjusted categories — but maintaining the same structure, challenge level, and logical reasoning required as the original example.

---

### 🎲 New Puzzle: The Maplewood Book Club

The Maplewood Book Club meets once every month to discuss a different book. Each meeting is hosted by one of the club members, and each member hosts only once. The books discussed are all unique and tied to specific months and hosts. Using the clues below, match each book to its discussion month and host, and determine how many total readers attended each meeting.

**Note:** In this puzzle, no person or book is used more than once across the months. All information must be deduced from the clues.

---

### Clues:

1. The book discussed in March was hosted by Adrian.  
2. *The Game of Thrones* was read at Bonnie’s house.  
3. The book discussed at Wendy's home was either *The Midnight Library* or the one read in May.  
4. The book discussed at Vera’s house was read **three months after** *The Game of Thrones*.  

---

### Solve the grid puzzle by filling the table:

| Months     | Books                  | Hosts    |
|------------|------------------------|----------|
| January    |                        |          |
| February   |                        |          |
| March      |                        |          |
| April      |                        |          |

---

### Available Options:

**Books:** *The Game of Thrones*, *The Midnight Library*, *Rules of the Road*, *Vendetta*  
**Hosts:** Adrian, Bonnie, Vera, Wendy  

*(Note: ""Vendetta"" is a book in this version — just like in the original. All names and titles are fictional but consistent with the theme.)*

---

### Instructions:
Use logical deduction to determine which book was discussed each month and who hosted each meeting.  
Remember: Each book and host appears exactly once.

If you get stuck, try checking for contradictions or look for relationships between months (e.g., ""three months after"" implies a specific sequence).  

➡️ **Hint:** Start with clue 1 to fix March. Then use clue 4 to find the timing relationship between *The Game of Thrones* and Vera’s book.

---

This version keeps the same structure:
- Four months
- One unique book per month
- One host per month
- A mix of direct assignments and relative time clues"
3x4,Easy,,,,,"The Pineview Art Society holds a monthly gallery night where each member curates one exhibit. Each event is held in a different month and curated by one unique member. All exhibits are distinct and tied to specific months and curators. Using the clues below, match each artwork to its exhibition month and curator, and determine how many total visitors attended each event.

**Note:** No person or artwork is used more than once across the months. All information must be deduced from the clues.

---

### Clues:

1. The exhibit held in April was curated by Eli.  
2. *The Silent Horizon* was displayed at Fiona’s studio.  
3. The painting shown at Jack’s space was either *Crimson Fields* or the one exhibited in June.  
4. The artwork on display at Morgan’s gallery was shown **two months after** *The Silent Horizon*.  

---

### Solve the grid puzzle by filling the table:

| Months     | Artworks               | Curators   |
|------------|------------------------|------------|
| January    |                        |            |
| February   |                        |            |
| March      |                        |            |
| April      |                        |            |

---

### Available Options:

**Artworks:** *The Silent Horizon*, *Crimson Fields*, *Ocean’s Edge*, *Urban Roots*  
**Curators:** Eli, Fiona, Morgan, Jack  

*(Note: ""Urban Roots"" is an artwork in this version — just like in the original. All names and titles are fictional but consistent with the theme.)*

---

### Instructions:
Use logical deduction to determine which artwork was displayed each month and who curated each event.  
Remember: Each artwork and curator appears exactly once.

If you get stuck, try checking for contradictions or look for relationships between months (e.g., ""two months after"" implies a specific sequence).  

➡️ **Hint:** Start with clue 1 to fix April. Then use clue 4 to find the timing relationship between *The Silent Horizon* and Morgan’s exhibit."
